{"directions": {"behind": [-0.754490315914154, 0.6563112735748291, 0.0], "right": [0.6563112735748291, 0.7544902563095093, -0.0], "below": [-0.0, -0.0, -1.0], "left": [-0.6563112735748291, -0.7544902563095093, 0.0], "above": [0.0, 0.0, 1.0], "front": [0.754490315914154, -0.6563112735748291, -0.0]}, "image_filename": "CLEVR_000821.png", "objects": [], "split": "new", "image_index": 673, "relationships": {"behind": [], "right": [], "left": [], "front": []}}