{"image_filename": "CLEVR_000233.png", "directions": {"left": [-0.6563112735748291, -0.7544902563095093, 0.0], "below": [-0.0, -0.0, -1.0], "behind": [-0.754490315914154, 0.6563112735748291, 0.0], "right": [0.6563112735748291, 0.7544902563095093, -0.0], "front": [0.754490315914154, -0.6563112735748291, -0.0], "above": [0.0, 0.0, 1.0]}, "relationships": {"left": [], "front": [], "behind": [], "right": []}, "split": "new", "image_index": 77, "objects": []}