{"image_filename": "CLEVR_001113.png", "split": "new", "objects": [], "image_index": 971, "directions": {"behind": [-0.754490315914154, 0.6563112735748291, 0.0], "right": [0.6563112735748291, 0.7544902563095093, -0.0], "front": [0.754490315914154, -0.6563112735748291, -0.0], "below": [-0.0, -0.0, -1.0], "left": [-0.6563112735748291, -0.7544902563095093, 0.0], "above": [0.0, 0.0, 1.0]}, "relationships": {"behind": [], "right": [], "left": [], "front": []}}